/collections/okendo_strapless-push-up-bra/product/breast-lift-silicon-bra,
/collections/for-women/product/breast-lift-silicon-bra,
/collections/non-route/product/breast-lift-silicon-bra,
/collections/best-seller/product/breast-lift-silicon-bra,
/collections/okendo-shapewear/product/waist-trainer,
/collections/for-women/product/waist-trainer,
/collections/non-route/product/waist-trainer,
/collections/waist-trainers/product/waist-trainer,
/collections/best-seller/product/waist-trainer,
/collections/okendo-shapewear/product/butt-lift,
/collections/for-women/product/butt-lift,
/collections/non-route/product/butt-lift,
/collections/butt-lifter/product/butt-lift,
/collections/best-seller/product/butt-lift,
/collections/non-route/product/the-perfect-sculpt-bundle-package-1,
/collections/best-seller/product/the-perfect-sculpt-bundle-package-1,
/collections/for-women/product/sweat-sculpt-vest,
/collections/non-route/product/sweat-sculpt-vest,
/collections/waist-trainers/product/sweat-sculpt-vest,
/collections/best-seller/product/sweat-sculpt-vest,
/collections/wax/product/the-perfect-sculpt-wax,
/collections/non-route/product/the-perfect-sculpt-wax,
/collections/best-seller/product/the-perfect-sculpt-wax,
/collections/wax/product/the-perfect-sculpt-wax-warmer,
/collections/non-route/product/the-perfect-sculpt-wax-warmer,
/collections/best-seller/product/the-perfect-sculpt-wax-warmer,
/collections/wax/product/the-perfect-sculpt-wax-bean-warmer-bundle,
/collections/non-route/product/the-perfect-sculpt-wax-bean-warmer-bundle,
/collections/best-seller/product/the-perfect-sculpt-wax-bean-warmer-bundle,
/collections/wax/product/the-perfect-sculpt-wax-spatula,
/collections/non-route/product/the-perfect-sculpt-wax-spatula,
/collections/best-seller/product/the-perfect-sculpt-wax-spatula,
/collections/non-route/product/the-perfect-sculpt-pasty-cover,
/collections/best-seller/product/the-perfect-sculpt-pasty-cover,
/collections/bundle-and-save/product/the-perfect-sculpt-bra-bundle-of-3,
/collections/non-route/product/the-perfect-sculpt-bra-bundle-of-3,
/collections/best-seller/product/the-perfect-sculpt-bra-bundle-of-3,
/collections/non-route/product/limited-edition-the-perfect-sculpt-breast-cancer-awareness,
/collections/best-seller/product/limited-edition-the-perfect-sculpt-breast-cancer-awareness,
/collections/non-route/product/limited-edition-the-perfect-sculpt-bra-recovery-awareness,
/collections/best-seller/product/limited-edition-the-perfect-sculpt-bra-recovery-awareness,
/collections/non-route/product/the-perfect-sculpt-underwire-strapless-bra,
/collections/best-seller/product/the-perfect-sculpt-underwire-strapless-bra,
/collections/okendo-shapewear/product/the-perfect-sculpt-seamless-full-body,
/collections/non-route/product/the-perfect-sculpt-seamless-full-body,
/collections/best-seller/product/the-perfect-sculpt-seamless-full-body,
/collections/non-route/product/the-perfect-sculpt-breast-lift-adhesives-invisible-bra-tape,
/collections/best-seller/product/the-perfect-sculpt-breast-lift-adhesives-invisible-bra-tape,
/collections/swimwear-legging-sale/product/the-perfect-bikini-one-piece,
/collections/non-route/product/the-perfect-bikini-one-piece,
/collections/best-seller/product/the-perfect-bikini-one-piece,
/collections/non-route/product/breast-lift-tape,
/collections/best-seller/product/breast-lift-tape,
/collections/non-route/product/the-perfect-sculpt-sports-bra,
/collections/best-seller/product/the-perfect-sculpt-sports-bra,
/collections/wax/product/the-perfect-sculpt-painless-wax-beans-bundle-of-5,
/collections/non-route/product/the-perfect-sculpt-painless-wax-beans-bundle-of-5,
/collections/best-seller/product/the-perfect-sculpt-painless-wax-beans-bundle-of-5,
/collections/okendo-shapewear/product/regular-leggings,
/collections/swimwear-legging-sale/product/regular-leggings,
/collections/non-route/product/regular-leggings,
/collections/best-seller/product/regular-leggings,
/collections/non-route/product/mermaid-bikini-top-bottom,
/collections/best-seller/product/mermaid-bikini-top-bottom,
/collections/for-women/product/sweet-sweat-belt,
/collections/non-route/product/sweet-sweat-belt,
/collections/best-seller/product/sweet-sweat-belt,
/collections/non-route/product/tank-top,
/collections/best-seller/product/tank-top,
/collections/non-route/product/new-sports-bra,
/collections/best-seller/product/new-sports-bra,
/collections/non-route/product/the-perfect-clip-strapless-backless-push-up-bra,
/collections/best-seller/product/the-perfect-clip-strapless-backless-push-up-bra,
/collections/swimwear-legging-sale/product/aztec-reversible-bikini-top-bottom,
/collections/non-route/product/aztec-reversible-bikini-top-bottom,
/collections/best-seller/product/aztec-reversible-bikini-top-bottom,
/collections/swimwear-legging-sale/product/black-palm-bikini-top-bottom,
/collections/non-route/product/black-palm-bikini-top-bottom,
/collections/best-seller/product/black-palm-bikini-top-bottom,
/collections/non-route/product/floral-ocean-bikini-top-bottom,
/collections/best-seller/product/floral-ocean-bikini-top-bottom,
/collections/okendo-shapewear/product/the-perfect-sculpt-high-quality-latex-waist-trainer,
/collections/non-route/product/the-perfect-sculpt-high-quality-latex-waist-trainer,
/collections/waist-trainers/product/the-perfect-sculpt-high-quality-latex-waist-trainer,
/collections/best-seller/product/the-perfect-sculpt-high-quality-latex-waist-trainer,
/collections/for-men/product/sculpt-sweat-cream,
/collections/for-women/product/sculpt-sweat-cream,
/collections/non-route/product/sculpt-sweat-cream,
/collections/best-seller/product/sculpt-sweat-cream,
/collections/bundle-and-save/product/sweat-boost,
/collections/non-route/product/sweat-boost,
/collections/waist-trainers/product/sweat-boost,
/collections/best-seller/product/sweat-boost,
/collections/non-route/product/the-ultimate-weight-loss-guide,
/collections/best-seller/product/the-ultimate-weight-loss-guide,
/collections/non-route/product/sculpt-swim-bundle,
/collections/best-seller/product/sculpt-swim-bundle,
/collections/bundle-and-save/product/awareness-bras-bundle,
/collections/non-route/product/awareness-bras-bundle,
/collections/best-seller/product/awareness-bras-bundle,
/collections/non-route/product/extreme-sweat-set,
/collections/best-seller/product/extreme-sweat-set,
/collections/non-route/product/the-perfect-sculpt-strapless-push-up-bra,
/collections/best-seller/product/the-perfect-sculpt-strapless-push-up-bra,
/collections/okendo_strapless-push-up-bra/product/strapless-push-up-bra-bundle,
/collections/non-route/product/strapless-push-up-bra-bundle,
/collections/best-seller/product/strapless-push-up-bra-bundle,
/collections/non-route/product/scrunch-push-up-leggings,
/collections/butt-lifter/product/scrunch-push-up-leggings,
/collections/leggings/product/scrunch-push-up-leggings,
/collections/best-seller/product/scrunch-push-up-leggings,
/collections/non-route/product/sweat-shirt,
/collections/best-seller/product/sweat-shirt,
/collections/non-route/product/new-waist-belt,
/collections/best-seller/product/new-waist-belt,
/collections/non-route/product/perfect-push-up-bikini,
/collections/best-seller/product/perfect-push-up-bikini,
/collections/non-route/product/2-sweat-creams-free-sculpt-sweat-belt,
/collections/best-seller/product/2-sweat-creams-free-sculpt-sweat-belt,
/collections/non-route/product/3-sweat-creams-free-belt,
/collections/best-seller/product/3-sweat-creams-free-belt,
/collections/non-route/product/girl-next-door-bra-set,
/collections/best-seller/product/girl-next-door-bra-set,
/collections/non-route/product/loop-giftcard,
/collections/best-seller/product/loop-giftcard,
/collections/bundle-and-save/product/copy-of-2-sweat-creams-free-sculpt-sweat-belt,
/collections/non-route/product/copy-of-2-sweat-creams-free-sculpt-sweat-belt,
/collections/best-seller/product/copy-of-2-sweat-creams-free-sculpt-sweat-belt,
/collections/bundle-and-save/product/copy-of-2-sweat-creams-1-sculpt-sweat-vest,
/collections/non-route/product/copy-of-2-sweat-creams-1-sculpt-sweat-vest,
/collections/best-seller/product/copy-of-2-sweat-creams-1-sculpt-sweat-vest,
/collections/bundle-and-save/product/2-sculpt-sweat-vests,
/collections/non-route/product/2-sculpt-sweat-vests,
/collections/best-seller/product/2-sculpt-sweat-vests,
/collections/bundle-and-save/product/copy-of-2-sculpt-sweat-vests,
/collections/non-route/product/copy-of-2-sculpt-sweat-vests,
/collections/best-seller/product/copy-of-2-sculpt-sweat-vests,
/collections/bundle-and-save/product/the-perfect-sculpt-bra-bundle-of-2,
/collections/non-route/product/the-perfect-sculpt-bra-bundle-of-2,
/collections/best-seller/product/the-perfect-sculpt-bra-bundle-of-2,
/collections/bundle-and-save/product/the-perfect-sculpt-bra-bundle-of-4-2,
/collections/non-route/product/the-perfect-sculpt-bra-bundle-of-4-2,
/collections/best-seller/product/the-perfect-sculpt-bra-bundle-of-4-2,
/collections/bundle-and-save/product/total-push-up-bundle,
/collections/non-route/product/total-push-up-bundle,
/collections/best-seller/product/total-push-up-bundle,
/collections/non-route/product/breast-lift-silicon-bra-with-tape,
/collections/best-seller/product/breast-lift-silicon-bra-with-tape,
/collections/bundle-and-save/product/slimming-body-suit-and-highwaist-bundle,
/collections/non-route/product/slimming-body-suit-and-highwaist-bundle,
/collections/best-seller/product/slimming-body-suit-and-highwaist-bundle,
/collections/bundle-and-save/product/buttlift-2pack,
/collections/non-route/product/buttlift-2pack,
/collections/best-seller/product/buttlift-2pack,
/collections/non-route/product/waisttrainer-buttlifter-bundle,
/collections/best-seller/product/waisttrainer-buttlifter-bundle,
/collections/non-route/product/wing-adhesive-bra,
/collections/best-seller/product/wing-adhesive-bra,
/collections/non-route/product/seamless-cami-shaper,
/collections/best-seller/product/seamless-cami-shaper,
/collections/non-route/product/cupping-strapless-pushup-bra,
/collections/best-seller/product/cupping-strapless-pushup-bra,
/collections/non-route/product/lace-push-up-bra,
/collections/best-seller/product/lace-push-up-bra,
/collections/non-route/product/wing-adhesive-bra-1,
/collections/best-seller/product/wing-adhesive-bra-1,
/collections/for-women/product/brazilian-boost-leggings,
/collections/non-route/product/brazilian-boost-leggings,
/collections/best-seller/product/brazilian-boost-leggings,
/collections/non-route/product/booty-booster-shorts,
/collections/best-seller/product/booty-booster-shorts,
/collections/non-route/product/booster-athletic-shorts,
/collections/best-seller/product/booster-athletic-shorts,
/collections/cellulite-cream/product/pink-cellulite-brush,
/collections/non-route/product/pink-cellulite-brush,
/collections/best-seller/product/pink-cellulite-brush,
/collections/cellulite-cream/product/blue-cellulite-roller,
/collections/non-route/product/blue-cellulite-roller,
/collections/best-seller/product/blue-cellulite-roller,
/collections/cellulite-cream/product/silicone-cups-anti-cellulite-suction-cup-therapy,
/collections/non-route/product/silicone-cups-anti-cellulite-suction-cup-therapy,
/collections/best-seller/product/silicone-cups-anti-cellulite-suction-cup-therapy,
/collections/cellulite-cream/product/blue-cellulite-roller-1,
/collections/non-route/product/blue-cellulite-roller-1,
/collections/best-seller/product/blue-cellulite-roller-1,
/collections/cellulite-cream/product/all-in-one-cellulite-bundle,
/collections/non-route/product/all-in-one-cellulite-bundle,
/collections/best-seller/product/all-in-one-cellulite-bundle,
/collections/non-route/product/2-sculpt-sweat-vests-sweat-cream,
/collections/best-seller/product/2-sculpt-sweat-vests-sweat-cream,
/collections/non-route/product/genie-bra,
/collections/best-seller/product/genie-bra,
/collections/non-route/product/50-gift-card,
/collections/best-seller/product/50-gift-card,
/collections/non-route/product/the-perfect-sculpt,
/collections/best-seller/product/the-perfect-sculpt,
/collections/non-route/product/pushupbra-buttlifter-bundle,
/collections/best-seller/product/pushupbra-buttlifter-bundle,
/collections/non-route/product/sweatvest-buttlifter-bundle,
/collections/best-seller/product/sweatvest-buttlifter-bundle,
/collections/non-route/product/the-perfect-sculpt-underwire-strapless-bra-2pck,
/collections/best-seller/product/the-perfect-sculpt-underwire-strapless-bra-2pck,
/collections/non-route/product/the-perfect-sculpt-underwire-strapless-bra-3pck,
/collections/best-seller/product/the-perfect-sculpt-underwire-strapless-bra-3pck,
/collections/non-route/product/pushupbra-waisttrainer-bundle,
/collections/best-seller/product/pushupbra-waisttrainer-bundle,
/collections/non-route/product/sculpt-sweat-cream-buy-one-get-one-free,
/collections/best-seller/product/sculpt-sweat-cream-buy-one-get-one-free,
/collections/non-route/product/sculpt-sweat-vest-buy-one-get-one-free,
/collections/best-seller/product/sculpt-sweat-vest-buy-one-get-one-free,
/collections/bundle-and-save/product/anti-cellulite-compression-leggings-bundle-of-2,
/collections/cellulite-cream/product/anti-cellulite-compression-leggings-bundle-of-2,
/collections/non-route/product/anti-cellulite-compression-leggings-bundle-of-2,
/collections/best-seller/product/anti-cellulite-compression-leggings-bundle-of-2,
/collections/bundle-and-save/product/body-revamp-bundle,
/collections/cellulite-cream/product/body-revamp-bundle,
/collections/non-route/product/body-revamp-bundle,
/collections/best-seller/product/body-revamp-bundle,
/collections/bundle-and-save/product/sculpt-sweat-sweat-extreme,
/collections/non-route/product/sculpt-sweat-sweat-extreme,
/collections/best-seller/product/sculpt-sweat-sweat-extreme,
/collections/non-route/product/waist-trainer-bundle-of-2,
/collections/best-seller/product/waist-trainer-bundle-of-2,
/collections/for-women/product/push-up-bra-breast-lift,
/collections/non-route/product/push-up-bra-breast-lift,
/collections/best-seller/product/push-up-bra-breast-lift,
/collections/best-seller/product/routeins,
/collections/non-route/product/sculpt-sweat-belt-buy-one-get-one-free,
/collections/best-seller/product/sculpt-sweat-belt-buy-one-get-one-free,
/collections/non-route/product/the-perfect-sculpt-strapless-push-up-bra-buy-one-get-one-free,
/collections/best-seller/product/the-perfect-sculpt-strapless-push-up-bra-buy-one-get-one-free,
/collections/non-route/product/anti-cellulite-compression-leggings-buy-one-get-one-free,
/collections/best-seller/product/anti-cellulite-compression-leggings-buy-one-get-one-free,
/collections/non-route/product/sculpt-waist-trainer-buy-one-get-one-free,
/collections/best-seller/product/sculpt-waist-trainer-buy-one-get-one-free,
/collections/best-seller/product/routeins-1,
/collections/bundle-and-save/product/bra-shape-tape-black-beige-bundle-of-2,
/collections/non-route/product/bra-shape-tape-black-beige-bundle-of-2,
/collections/best-seller/product/bra-shape-tape-black-beige-bundle-of-2,
/collections/non-route/product/bra-shape-tape-black-beige-bundle-of-4,
/collections/best-seller/product/bra-shape-tape-black-beige-bundle-of-4,
/collections/non-route/product/bra-shape-tape-black-beige-bundle-of-6,
/collections/best-seller/product/bra-shape-tape-black-beige-bundle-of-6,
/collections/non-route/product/bra-shape-tape-bundle-of-10,
/collections/best-seller/product/bra-shape-tape-bundle-of-10,
/collections/non-route/product/pasty-cover-3-pack,
/collections/best-seller/product/pasty-cover-3-pack,
/collections/for-men/product/sculpt-sweat-belt-for-men,
/collections/non-route/product/sculpt-sweat-belt-for-men,
/collections/best-seller/product/sculpt-sweat-belt-for-men,
/collections/non-route/product/high-waist-sweat-leggings,
/collections/best-seller/product/high-waist-sweat-leggings,
/collections/bundle-and-save/product/waisttrainer-leggings-bundle,
/collections/cellulite-cream/product/waisttrainer-leggings-bundle,
/collections/non-route/product/waisttrainer-leggings-bundle,
/collections/best-seller/product/waisttrainer-leggings-bundle,
/collections/bundle-and-save/product/sculpt-sweat-belt-for-men-2-pack,
/collections/for-men/product/sculpt-sweat-belt-for-men-2-pack,
/collections/non-route/product/sculpt-sweat-belt-for-men-2-pack,
/collections/best-seller/product/sculpt-sweat-belt-for-men-2-pack,
/collections/bundle-and-save/product/sculpt-sweat-belt-for-men-3-pack,
/collections/for-men/product/sculpt-sweat-belt-for-men-3-pack,
/collections/non-route/product/sculpt-sweat-belt-for-men-3-pack,
/collections/best-seller/product/sculpt-sweat-belt-for-men-3-pack,
/collections/bundle-and-save/product/mens-sweat-extreme,
/collections/for-men/product/mens-sweat-extreme,
/collections/non-route/product/mens-sweat-extreme,
/collections/best-seller/product/mens-sweat-extreme,
/collections/bundle-and-save/product/mens-sweat-belt-2-sculpt-sweat-creams,
/collections/for-men/product/mens-sweat-belt-2-sculpt-sweat-creams,
/collections/non-route/product/mens-sweat-belt-2-sculpt-sweat-creams,
/collections/best-seller/product/mens-sweat-belt-2-sculpt-sweat-creams,
/collections/bundle-and-save/product/mens-sweat-belt-3-sculpt-sweat-creams,
/collections/for-men/product/mens-sweat-belt-3-sculpt-sweat-creams,
/collections/non-route/product/mens-sweat-belt-3-sculpt-sweat-creams,
/collections/best-seller/product/mens-sweat-belt-3-sculpt-sweat-creams,
/collections/bundle-and-save/product/sweatvest-leggings-bundle,
/collections/non-route/product/sweatvest-leggings-bundle,
/collections/best-seller/product/sweatvest-leggings-bundle,
/collections/non-route/product/his-and-hers-sculpt-sweat-belt-bundle,
/collections/best-seller/product/his-and-hers-sculpt-sweat-belt-bundle,
/collections/non-route/product/sculpt-sweat-belt-cellulite-leggings,
/collections/best-seller/product/sculpt-sweat-belt-cellulite-leggings,
/collections/non-route/product/bra-shape-tape,
/collections/best-seller/product/bra-shape-tape,
/collections/non-route/product/butt-lifter-buy-one-get-one-free,
/collections/best-seller/product/butt-lifter-buy-one-get-one-free,
/collections/non-route/product/sculpt-push-up-bra-shape-tape-bundle,
/collections/best-seller/product/sculpt-push-up-bra-shape-tape-bundle,
/collections/non-route/product/anti-cellulite-compression-leggings-sculpt-sweat-cream,
/collections/best-seller/product/anti-cellulite-compression-leggings-sculpt-sweat-cream,
/collections/non-route/product/bra-shape-tape-pasty-cover-combo-pack,
/collections/best-seller/product/bra-shape-tape-pasty-cover-combo-pack,
/collections/non-route/product/seamless-high-waist-panties,
/collections/best-seller/product/seamless-high-waist-panties,
/collections/cellulite-cream/product/booty-elastic-resistance-bands,
/collections/for-women/product/booty-elastic-resistance-bands,
/collections/non-route/product/booty-elastic-resistance-bands,
/collections/best-seller/product/booty-elastic-resistance-bands,
/collections/for-men/product/mens-sweat-vest,
/collections/non-route/product/mens-sweat-vest,
/collections/best-seller/product/mens-sweat-vest,
/collections/non-route/product/sculpt-boob-tape,
/collections/best-seller/product/sculpt-boob-tape,
/collections/non-route/product/sculpt-boob-tape-bundle-of-2,
/collections/best-seller/product/sculpt-boob-tape-bundle-of-2,
/collections/non-route/product/sculpt-boob-tape-bundle-of-3,
/collections/best-seller/product/sculpt-boob-tape-bundle-of-3,
/collections/bundle-and-save/product/sculpt-boob-tape-bundle-of-4,
/collections/for-women/product/sculpt-boob-tape-bundle-of-4,
/collections/non-route/product/sculpt-boob-tape-bundle-of-4,
/collections/best-seller/product/sculpt-boob-tape-bundle-of-4,
/collections/non-route/product/high-waisted-honey-buttlifter-anti-cellulite-legging,
/collections/leggings/product/high-waisted-honey-buttlifter-anti-cellulite-legging,
/collections/best-seller/product/high-waisted-honey-buttlifter-anti-cellulite-legging,
/collections/non-route/product/high-waisted-shaping-legging-pant,
/collections/leggings/product/high-waisted-shaping-legging-pant,
/collections/best-seller/product/high-waisted-shaping-legging-pant,
/collections/non-route/product/high-waisted-shaping-midi-skirt,
/collections/best-seller/product/high-waisted-shaping-midi-skirt,
/collections/non-route/product/strapless-push-up-adhesive-plunge-front-bra,
/collections/best-seller/product/strapless-push-up-adhesive-plunge-front-bra,
/collections/non-route/product/anti-cellulite-compression-leggings,
/collections/leggings/product/anti-cellulite-compression-leggings,
/collections/best-seller/product/anti-cellulite-compression-leggings,
/collections/non-route/product/waist-shaper-sweat-tank-zip-up,
/collections/best-seller/product/waist-shaper-sweat-tank-zip-up,
/collections/for-men/product/sculpt-sweat-muscle-recovery-gel,
/collections/non-route/product/sculpt-sweat-muscle-recovery-gel,
/collections/best-seller/product/sculpt-sweat-muscle-recovery-gel,
/collections/cellulite-cream/product/sculpt-sweat-anti-cellulite-firming-lotion,
/collections/for-men/product/sculpt-sweat-anti-cellulite-firming-lotion,
/collections/non-route/product/sculpt-sweat-anti-cellulite-firming-lotion,
/collections/best-seller/product/sculpt-sweat-anti-cellulite-firming-lotion,
/collections/non-route/product/the-perfect-boob-lift-pasty-covers,
/collections/best-seller/product/the-perfect-boob-lift-pasty-covers,
/collections/non-route/product/sculpt-sweat-enhancing-shaper-tank,
/collections/best-seller/product/sculpt-sweat-enhancing-shaper-tank,
/collections/non-route/product/corset-waist-and-thigh-slimmer,
/collections/best-seller/product/corset-waist-and-thigh-slimmer,
/collections/non-route/product/corset-waist-cincher-booty-booster,
/collections/best-seller/product/corset-waist-cincher-booty-booster,
/collections/non-route/product/sculpt-sweat-mens-enhancing-sweat-tank,
/collections/best-seller/product/sculpt-sweat-mens-enhancing-sweat-tank,
/collections/non-route/product/mens-compression-workout-tank,
/collections/best-seller/product/mens-compression-workout-tank,
/collections/non-route/product/mens-weightloss-sauna-vest-zip-front,
/collections/best-seller/product/mens-weightloss-sauna-vest-zip-front,
/collections/non-route/product/mens-workout-compression-tank,
/collections/best-seller/product/mens-workout-compression-tank,
/collections/cellulite-cream/product/sculpt-sweat-triolgy-bundle,
/collections/for-men/product/sculpt-sweat-triolgy-bundle,
/collections/non-route/product/sculpt-sweat-triolgy-bundle,
/collections/best-seller/product/sculpt-sweat-triolgy-bundle,
/collections/bundle-and-save/product/sweat-vest-anti-cellulite-lotion-bundle,
/collections/non-route/product/sweat-vest-anti-cellulite-lotion-bundle,
/collections/best-seller/product/sweat-vest-anti-cellulite-lotion-bundle,
/collections/bundle-and-save/product/sweat-belt-anti-cellulite-lotion-bundle,
/collections/cellulite-cream/product/sweat-belt-anti-cellulite-lotion-bundle,
/collections/non-route/product/sweat-belt-anti-cellulite-lotion-bundle,
/collections/best-seller/product/sweat-belt-anti-cellulite-lotion-bundle,
/collections/bundle-and-save/product/the-ultimate-workout-bundle,
/collections/cellulite-cream/product/the-ultimate-workout-bundle,
/collections/non-route/product/the-ultimate-workout-bundle,
/collections/best-seller/product/the-ultimate-workout-bundle,
/collections/bundle-and-save/product/sweat-belt-muscle-recovery-gel-bundle,
/collections/non-route/product/sweat-belt-muscle-recovery-gel-bundle,
/collections/best-seller/product/sweat-belt-muscle-recovery-gel-bundle,
/collections/bundle-and-save/product/the-perfect-sculpt-work-out-starter-kit,
/collections/non-route/product/the-perfect-sculpt-work-out-starter-kit,
/collections/best-seller/product/the-perfect-sculpt-work-out-starter-kit,
/collections/non-route/product/latex-waist-trainer-black,
/collections/zauto-15409/product/latex-waist-trainer-black,
/collections/waist-trainers/product/latex-waist-trainer-black,
/collections/tummy-control/product/latex-waist-trainer-black,
/collections/waist-cinchers/product/latex-waist-trainer-black,
/collections/shapewear-tops/product/latex-waist-trainer-black,
/collections/best-seller/product/latex-waist-trainer-black,
/collections/shapewear/product/latex-waist-trainer-black,
