/collections/all-products/product/tummy-tuck-leggings,
/collections/non-route/product/tummy-tuck-leggings,
/collections/all-products/product/the-perfect-sculpt-sports-bra,
/collections/non-route/product/the-perfect-sculpt-sports-bra,
/collections/all-products/product/sweat-sculpt-vest,
/collections/non-route/product/sweat-sculpt-vest,
/collections/sweat-vests-belts/product/sweat-sculpt-vest,
/collections/waist-trainer/product/sweat-sculpt-vest,
/collections/okendo-shapewear/product/butt-lift,
/collections/all-products/product/butt-lift,
/collections/non-route/product/butt-lift,
/collections/butt-lifter/product/butt-lift,
/collections/okendo-shapewear/product/waist-trainer,
/collections/all-products/product/waist-trainer,
/collections/non-route/product/waist-trainer,
/collections/waist-trainer/product/waist-trainer,
/collections/all-products/product/sculpt-sweat-workout-enhancing-sweat-cream,
/collections/non-route/product/sculpt-sweat-workout-enhancing-sweat-cream,
/collections/sweat-vests-belts/product/sculpt-sweat-workout-enhancing-sweat-cream,
/collections/okendo-shapewear/product/high-quality-latex-waist-trainer,
/collections/all-products/product/high-quality-latex-waist-trainer,
/collections/non-route/product/high-quality-latex-waist-trainer,
/collections/waist-trainer/product/high-quality-latex-waist-trainer,
/collections/all-products/product/ebook,
/collections/non-route/product/ebook,
/collections/all-products/product/fidget-spinner,
/collections/non-route/product/fidget-spinner,
/collections/all-products/product/okendo-sports-bra,
/collections/non-route/product/okendo-sports-bra,
/collections/bundle-save/product/sculpt-sweat-bundle-of-2,
/collections/all-products/product/sculpt-sweat-bundle-of-2,
/collections/non-route/product/sculpt-sweat-bundle-of-2,
/collections/workout-bundles/product/sculpt-sweat-bundle-of-2,
/collections/mens-bundles/product/sculpt-sweat-bundle-of-2,
/collections/bundle-save/product/sculpt-sweat-cream-bundle-of-3,
/collections/all-products/product/sculpt-sweat-cream-bundle-of-3,
/collections/non-route/product/sculpt-sweat-cream-bundle-of-3,
/collections/workout-bundles/product/sculpt-sweat-cream-bundle-of-3,
/collections/mens-bundles/product/sculpt-sweat-cream-bundle-of-3,
/collections/bundle-save/product/sweat-boost,
/collections/all-products/product/sweat-boost,
/collections/non-route/product/sweat-boost,
/collections/our-top-5-bundles/product/sweat-boost,
/collections/workout-bundles/product/sweat-boost,
/collections/all-products/product/hot-body-shaper-waist-belt,
/collections/non-route/product/hot-body-shaper-waist-belt,
/collections/all-products/product/2-sweat-creams-free-sculpt-sweat-belt,
/collections/non-route/product/2-sweat-creams-free-sculpt-sweat-belt,
/collections/all-products/product/3-sweat-creams-free-belt,
/collections/non-route/product/3-sweat-creams-free-belt,
/collections/all-products/product/booty-lift-leggings,
/collections/non-route/product/booty-lift-leggings,
/collections/butt-lifter/product/booty-lift-leggings,
/collections/all-products/product/loop-gift-card,
/collections/non-route/product/loop-gift-card,
/collections/all-products/product/2-sculpt-sweat-vests,
/collections/non-route/product/2-sculpt-sweat-vests,
/collections/workout-bundles/product/2-sculpt-sweat-vests,
/collections/sweat-vests-belts/product/2-sculpt-sweat-vests,
/collections/all-products/product/copy-of-2-sculpt-sweat-vests,
/collections/non-route/product/copy-of-2-sculpt-sweat-vests,
/collections/sweat-vests-belts/product/copy-of-2-sculpt-sweat-vests,
/collections/all-products/product/2-sweat-creams-1-sweat,
/collections/non-route/product/2-sweat-creams-1-sweat,
/collections/workout-bundles/product/2-sweat-creams-1-sweat,
/collections/all-products/product/copy-of-2-sweat-creams-1-sweat-vest,
/collections/non-route/product/copy-of-2-sweat-creams-1-sweat-vest,
/collections/all-products/product/breast-lift-silicon-bra,
/collections/non-route/product/breast-lift-silicon-bra,
/collections/bundle-save/product/the-perfect-sculpt-bra-bundle-of-3,
/collections/non-route/product/the-perfect-sculpt-bra-bundle-of-3,
/collections/night-out-bundle/product/the-perfect-sculpt-bra-bundle-of-3,
/collections/all-products/product/strapless-push-up-bra-bundle,
/collections/non-route/product/strapless-push-up-bra-bundle,
/collections/all-products/product/the-perfect-bikini-one-piece,
/collections/non-route/product/the-perfect-bikini-one-piece,
/collections/all-products/product/mermaid-bikini-top-bottom,
/collections/non-route/product/mermaid-bikini-top-bottom,
/collections/all-products/product/floral-ocean-bikini-top-bottom,
/collections/non-route/product/floral-ocean-bikini-top-bottom,
/collections/non-route/product/the-perfect-sculpt-bra-bundle-of-4-2,
/collections/all-products/product/instant-double-sided-sticky-tape,
/collections/non-route/product/instant-double-sided-sticky-tape,
/collections/all-products/product/breast-lift-silicon-bra-with-tape,
/collections/non-route/product/breast-lift-silicon-bra-with-tape,
/collections/all-products/product/the-perfect-sculpt-seamless-full-body,
/collections/non-route/product/the-perfect-sculpt-seamless-full-body,
/collections/non-route/product/buttlift-2pack,
/collections/night-out-bundle/product/buttlift-2pack,
/collections/non-route/product/waisttrainer-buttlifter-bundle,
/collections/night-out-bundle/product/waisttrainer-buttlifter-bundle,
/collections/non-route/product/sculpt-swim-bundle,
/collections/cellulite-products/product/all-in-one-cellulite-bundle,
/collections/non-route/product/all-in-one-cellulite-bundle,
/collections/non-route/product/girl-next-door-bra-set,
/collections/all-products/product/cupping-strapless-pushup-bra,
/collections/non-route/product/cupping-strapless-pushup-bra,
/collections/non-route/product/booty-booster-shorts,
/collections/non-route/product/booster-athletic-shorts,
/collections/all-products/product/wing-adhesive-bra,
/collections/non-route/product/wing-adhesive-bra,
/collections/all-products/product/seamless-cami-shaper,
/collections/non-route/product/seamless-cami-shaper,
/collections/all-products/product/lace-push-up-bra,
/collections/non-route/product/lace-push-up-bra,
/collections/all-products/product/u-line-adhesive-push-up-bra,
/collections/non-route/product/u-line-adhesive-push-up-bra,
/collections/non-route/product/2-sculpt-sweat-vests-sweat-cream,
/collections/workout-bundles/product/2-sculpt-sweat-vests-sweat-cream,
/collections/cellulite-products/product/pink-cellulite-brush,
/collections/non-route/product/pink-cellulite-brush,
/collections/cellulite-products/product/blue-cellulite-roller,
/collections/non-route/product/blue-cellulite-roller,
/collections/cellulite-products/product/silicone-cups-anti-cellulite-suction-cup-therapy,
/collections/non-route/product/silicone-cups-anti-cellulite-suction-cup-therapy,
/collections/cellulite-products/product/blue-cellulite-roller-1,
/collections/non-route/product/blue-cellulite-roller-1,
/collections/all-products/product/email-exclusive-50-gift-card-offer,
/collections/non-route/product/email-exclusive-50-gift-card-offer,
/collections/non-route/product/the-perfect-sculpt,
/collections/non-route/product/50-gift-card,
/collections/non-route/product/wing-adhesive-bra-1,
/collections/non-route/product/total-push-up-bundle,
/collections/non-route/product/the-perfect-sculpt-bra-bundle-of-2,
/collections/night-out-bundle/product/the-perfect-sculpt-bra-bundle-of-2,
/collections/non-route/product/loop-giftcard,
/collections/non-route/product/the-perfect-sculpt-strapless-push-up-bra,
/collections/non-route/product/sweat-vest-firm-high-waist-legging-bundle,
/collections/non-route/product/extreme-sweat-set,
/collections/non-route/product/awareness-bras-bundle,
/collections/non-route/product/the-perfect-sculpt-high-quality-latex-waist-trainer,
/collections/waist-trainer/product/the-perfect-sculpt-high-quality-latex-waist-trainer,
/collections/non-route/product/black-palm-bikini-top-bottom,
/collections/non-route/product/aztec-reversible-bikini-top-bottom,
/collections/non-route/product/aztec-print-bikini-top-bottom,
/collections/non-route/product/the-perfect-clip-strapless-backless-push-up-bra,
/collections/non-route/product/tank-top,
/collections/non-route/product/regular-leggings,
/collections/non-route/product/bandeau-bra,
/collections/non-route/product/the-perfect-sculpt-painless-wax-beans-bundle-of-5,
/collections/non-route/product/the-perfect-sculpt-breast-lift-adhesives-invisible-bra-tape,
/collections/non-route/product/the-perfect-sculpt-underwire-strapless-bra,
/collections/non-route/product/limited-edition-the-perfect-sculpt-bra-recovery-awareness,
/collections/non-route/product/limited-edition-the-perfect-sculpt-breast-cancer-awareness,
/collections/non-route/product/the-perfect-sculpt-pasty-cover,
/collections/non-route/product/the-perfect-sculpt-wax-spatula,
/collections/non-route/product/the-perfect-sculpt-wax-bean-warmer-bundle,
/collections/non-route/product/the-perfect-sculpt-wax-warmer,
/collections/non-route/product/the-perfect-sculpt-wax,
/collections/non-route/product/the-perfect-sculpt-bundle-package-1,
/collections/non-route/product/pushupbra-buttlifter-bundle,
/collections/non-route/product/the-perfect-sculpt-underwire-strapless-bra-2pck,
/collections/non-route/product/the-perfect-sculpt-underwire-strapless-bra-3pck,
/collections/non-route/product/pushupbra-waisttrainer-bundle,
/collections/night-out-bundle/product/pushupbra-waisttrainer-bundle,
/collections/non-route/product/sweatvest-buttlifter-bundle,
/collections/non-route/product/sculpt-sweat-cream-buy-one-get-one-free,
/collections/non-route/product/sculpt-sweat-vest-buy-one-get-one-free,
/collections/bundle-save/product/anti-cellulite-compression-leggings-bundle-of-2,
/collections/cellulite-products/product/anti-cellulite-compression-leggings-bundle-of-2,
/collections/non-route/product/anti-cellulite-compression-leggings-bundle-of-2,
/collections/workout-bundles/product/anti-cellulite-compression-leggings-bundle-of-2,
/collections/non-route/product/sweet-sweat-belt,
/collections/sweat-vests-belts/product/sweet-sweat-belt,
/collections/bundle-save/product/body-revamp-bundle,
/collections/cellulite-products/product/body-revamp-bundle,
/collections/non-route/product/body-revamp-bundle,
/collections/our-top-5-bundles/product/body-revamp-bundle,
/collections/workout-bundles/product/body-revamp-bundle,
/collections/bundle-save/product/sculpt-sweat-sweat-extreme,
/collections/all-products/product/sculpt-sweat-sweat-extreme,
/collections/non-route/product/sculpt-sweat-sweat-extreme,
/collections/our-top-5-bundles/product/sculpt-sweat-sweat-extreme,
/collections/workout-bundles/product/sculpt-sweat-sweat-extreme,
/collections/sweat-vests-belts/product/sculpt-sweat-sweat-extreme,
/collections/non-route/product/waist-trainer-bundle-of-3,
/collections/non-route/product/push-up-bra-breast-lift,
/collections/non-route/product/sculpt-sweat-belt-buy-one-get-one-free,
/collections/non-route/product/the-perfect-sculpt-strapless-push-up-bra-buy-one-get-one-free,
/collections/non-route/product/anti-cellulite-compression-leggings-buy-one-get-one-free,
/collections/non-route/product/sculpt-waist-trainer-buy-one-get-one-free,
/collections/non-route/product/perfect-push-up-bikini,
/collections/bundle-save/product/bra-shape-tape-black-beige-bundle-of-6,
/collections/non-route/product/bra-shape-tape-black-beige-bundle-of-6,
/collections/night-out-bundle/product/bra-shape-tape-black-beige-bundle-of-6,
/collections/bundle-save/product/bra-shape-tape-black-beige-bundle-of-4,
/collections/non-route/product/bra-shape-tape-black-beige-bundle-of-4,
/collections/night-out-bundle/product/bra-shape-tape-black-beige-bundle-of-4,
/collections/bundle-save/product/bra-shape-tape-black-beige-bundle-of-2,
/collections/non-route/product/bra-shape-tape-black-beige-bundle-of-2,
/collections/night-out-bundle/product/bra-shape-tape-black-beige-bundle-of-2,
/collections/non-route/product/copy-of-2-sweat-creams-1-sculpt-sweat-vest,
/collections/workout-bundles/product/copy-of-2-sweat-creams-1-sculpt-sweat-vest,
/collections/non-route/product/copy-of-2-sweat-creams-free-sculpt-sweat-belt,
/collections/non-route/product/new-waist-belt,
/collections/non-route/product/scrunch-push-up-leggings,
/collections/butt-lifter/product/scrunch-push-up-leggings,
/collections/leggings/product/scrunch-push-up-leggings,
/collections/non-route/product/the-ultimate-weight-loss-guide,
/collections/non-route/product/sculpt-sweat-cream,
/collections/non-route/product/breast-lift-tape,
/collections/non-route/product/waist-trainer-bundle-of-2,
/collections/night-out-bundle/product/waist-trainer-bundle-of-2,
/collections/bundle-save/product/bra-shape-tape-bundle-of-10,
/collections/non-route/product/bra-shape-tape-bundle-of-10,
/collections/night-out-bundle/product/bra-shape-tape-bundle-of-10,
/collections/non-route/product/pasty-cover-3-pack,
/collections/night-out-bundle/product/pasty-cover-3-pack,
/collections/non-route/product/sculpt-sweat-belt-for-men,
/collections/mens-bundles/product/sculpt-sweat-belt-for-men,
/collections/sweat-vests-belts/product/sculpt-sweat-belt-for-men,
/collections/all-products/product/genie-bra,
/collections/non-route/product/genie-bra,
/collections/non-route/product/high-waist-sweat-leggings,
/collections/bundle-save/product/waisttrainer-leggings-bundle,
/collections/cellulite-products/product/waisttrainer-leggings-bundle,
/collections/non-route/product/waisttrainer-leggings-bundle,
/collections/workout-bundles/product/waisttrainer-leggings-bundle,
/collections/non-route/product/sculpt-sweat-belt-for-men-2-pack,
/collections/mens-bundles/product/sculpt-sweat-belt-for-men-2-pack,
/collections/sweat-vests-belts/product/sculpt-sweat-belt-for-men-2-pack,
/collections/non-route/product/sculpt-sweat-belt-for-men-3-pack,
/collections/mens-bundles/product/sculpt-sweat-belt-for-men-3-pack,
/collections/sweat-vests-belts/product/sculpt-sweat-belt-for-men-3-pack,
/collections/non-route/product/mens-sweat-extreme,
/collections/mens-bundles/product/mens-sweat-extreme,
/collections/sweat-vests-belts/product/mens-sweat-extreme,
/collections/non-route/product/mens-sweat-belt-2-sculpt-sweat-creams,
/collections/mens-bundles/product/mens-sweat-belt-2-sculpt-sweat-creams,
/collections/sweat-vests-belts/product/mens-sweat-belt-2-sculpt-sweat-creams,
/collections/non-route/product/mens-sweat-belt-3-sculpt-sweat-creams,
/collections/mens-bundles/product/mens-sweat-belt-3-sculpt-sweat-creams,
/collections/sweat-vests-belts/product/mens-sweat-belt-3-sculpt-sweat-creams,
/collections/bundle-save/product/sweatvest-leggings-bundle,
/collections/non-route/product/sweatvest-leggings-bundle,
/collections/workout-bundles/product/sweatvest-leggings-bundle,
/collections/sweat-vests-belts/product/sweatvest-leggings-bundle,
/collections/non-route/product/his-and-hers-sculpt-sweat-belt-bundle,
/collections/non-route/product/bra-shape-tape,
/collections/non-route/product/butt-lifter-buy-one-get-one-free,
/collections/bundle-save/product/anti-cellulite-compression-leggings-sculpt-sweat-cream,
/collections/non-route/product/anti-cellulite-compression-leggings-sculpt-sweat-cream,
/collections/workout-bundles/product/anti-cellulite-compression-leggings-sculpt-sweat-cream,
/collections/non-route/product/bra-shape-tape-pasty-cover-combo-pack,
/collections/non-route/product/sculpt-sweat-belt-cellulite-leggings,
/collections/our-top-5-bundles/product/sculpt-sweat-belt-cellulite-leggings,
/collections/workout-bundles/product/sculpt-sweat-belt-cellulite-leggings,
/collections/sweat-vests-belts/product/sculpt-sweat-belt-cellulite-leggings,
/collections/non-route/product/sculpt-push-up-bra-shape-tape-bundle,
/collections/night-out-bundle/product/sculpt-push-up-bra-shape-tape-bundle,
/collections/non-route/product/booty-elastic-resistance-bands,
/collections/sweat-vests-belts/product/booty-elastic-resistance-bands,
/collections/non-route/product/mens-sweat-vest,
/collections/mens-bundles/product/mens-sweat-vest,
/collections/sweat-vests-belts/product/mens-sweat-vest,
/collections/non-route/product/sculpt-boob-tape,
/collections/non-route/product/sculpt-boob-tape-bundle-of-2,
/collections/night-out-bundle/product/sculpt-boob-tape-bundle-of-2,
/collections/non-route/product/sculpt-boob-tape-bundle-of-3,
/collections/night-out-bundle/product/sculpt-boob-tape-bundle-of-3,
/collections/non-route/product/sculpt-boob-tape-bundle-of-4,
/collections/night-out-bundle/product/sculpt-boob-tape-bundle-of-4,
/collections/all-products/product/high-waisted-honey-buttlifter-anti-cellulite-legging,
/collections/non-route/product/high-waisted-honey-buttlifter-anti-cellulite-legging,
/collections/leggings/product/high-waisted-honey-buttlifter-anti-cellulite-legging,
/collections/non-route/product/high-waisted-shaping-legging-pant,
/collections/leggings/product/high-waisted-shaping-legging-pant,
/collections/non-route/product/high-waisted-shaping-midi-skirt,
/collections/non-route/product/strapless-push-up-adhesive-plunge-front-bra,
/collections/non-route/product/waist-shaper-sweat-tank-zip-up,
/collections/sweat-vests-belts/product/waist-shaper-sweat-tank-zip-up,
/collections/non-route/product/sculpt-sweat-muscle-recovery-gel,
/collections/cellulite-products/product/sculpt-sweat-anti-cellulite-firming-lotion,
/collections/non-route/product/sculpt-sweat-anti-cellulite-firming-lotion,
/collections/non-route/product/the-perfect-boob-lift-pasty-covers,
/collections/non-route/product/sculpt-sweat-enhancing-shaper-tank,
/collections/sweat-vests-belts/product/sculpt-sweat-enhancing-shaper-tank,
/collections/non-route/product/corset-waist-and-thigh-slimmer,
/collections/non-route/product/corset-waist-cincher-booty-booster,
/collections/non-route/product/sculpt-sweat-mens-enhancing-sweat-tank,
/collections/mens-bundles/product/sculpt-sweat-mens-enhancing-sweat-tank,
/collections/sweat-vests-belts/product/sculpt-sweat-mens-enhancing-sweat-tank,
/collections/non-route/product/mens-compression-workout-tank,
/collections/mens-bundles/product/mens-compression-workout-tank,
/collections/non-route/product/mens-weightloss-sauna-vest-zip-front,
/collections/mens-bundles/product/mens-weightloss-sauna-vest-zip-front,
/collections/sweat-vests-belts/product/mens-weightloss-sauna-vest-zip-front,
/collections/non-route/product/mens-workout-compression-tank,
/collections/mens-bundles/product/mens-workout-compression-tank,
/collections/cellulite-products/product/brazilian-boost-leggings,
/collections/non-route/product/brazilian-boost-leggings,
/collections/bundle-save/product/sculpt-sweat-triolgy-bundle,
/collections/cellulite-products/product/sculpt-sweat-triolgy-bundle,
/collections/all-products/product/sculpt-sweat-triolgy-bundle,
/collections/non-route/product/sculpt-sweat-triolgy-bundle,
/collections/our-top-5-bundles/product/sculpt-sweat-triolgy-bundle,
/collections/workout-bundles/product/sculpt-sweat-triolgy-bundle,
/collections/mens-bundles/product/sculpt-sweat-triolgy-bundle,
/collections/all-products/product/sweat-vest-anti-cellulite-lotion-bundle,
/collections/non-route/product/sweat-vest-anti-cellulite-lotion-bundle,
/collections/all-products/product/sweat-belt-anti-cellulite-lotion-bundle,
/collections/non-route/product/sweat-belt-anti-cellulite-lotion-bundle,
/collections/all-products/product/the-ultimate-workout-bundle,
/collections/non-route/product/the-ultimate-workout-bundle,
/collections/all-products/product/sweat-belt-muscle-recovery-gel-bundle,
/collections/non-route/product/sweat-belt-muscle-recovery-gel-bundle,
/collections/all-products/product/the-perfect-sculpt-work-out-starter-kit,
/collections/non-route/product/the-perfect-sculpt-work-out-starter-kit,
